Datetime,Water Level (m)
2025-12-08 06:00:00,-0.22601418
2025-12-08 07:00:00,-0.38204724
2025-12-08 08:00:00,-0.5118128
2025-12-08 09:00:00,-0.5948306
2025-12-08 10:00:00,-0.40180156
2025-12-08 11:00:00,0.12175918
2025-12-08 12:00:00,0.44550323
2025-12-08 13:00:00,0.65942645
2025-12-08 14:00:00,0.6729967
2025-12-08 15:00:00,0.4827669
2025-12-08 16:00:00,0.16979013
2025-12-08 17:00:00,-0.06834261
2025-12-08 18:00:00,-0.24714704
2025-12-08 19:00:00,-0.4013052
2025-12-08 20:00:00,-0.5301426
2025-12-08 21:00:00,-0.5999606
2025-12-08 22:00:00,-0.25765473
2025-12-08 23:00:00,0.34700033
2025-12-09 00:00:00,0.7141989
2025-12-09 01:00:00,0.97751725
2025-12-09 02:00:00,1.0528874
2025-12-09 03:00:00,0.9085309
2025-12-09 04:00:00,0.542622
2025-12-09 05:00:00,0.2184864
2025-12-09 06:00:00,-0.00014556968
2025-12-09 07:00:00,-0.17383346
2025-12-09 08:00:00,-0.32228127
2025-12-09 09:00:00,-0.44710284
2025-12-09 10:00:00,-0.5395627
2025-12-09 11:00:00,-0.34984258
2025-12-09 12:00:00,0.20917258
2025-12-09 13:00:00,0.54478276
2025-12-09 14:00:00,0.72510165
2025-12-09 15:00:00,0.69821376
2025-12-09 16:00:00,0.4793875
2025-12-09 17:00:00,0.1922956
2025-12-09 18:00:00,-0.027063401
2025-12-09 19:00:00,-0.20566285
2025-12-09 20:00:00,-0.35834128
2025-12-09 21:00:00,-0.48202652
2025-12-09 22:00:00,-0.53028625
2025-12-09 23:00:00,-0.14611323
2025-12-10 00:00:00,0.3836378
2025-12-10 01:00:00,0.717303
2025-12-10 02:00:00,0.9239514
2025-12-10 03:00:00,0.94673944
2025-12-10 04:00:00,0.75024855
2025-12-10 05:00:00,0.404458
2025-12-10 06:00:00,0.14112982
2025-12-10 07:00:00,-0.05791947
2025-12-10 08:00:00,-0.22021574
2025-12-10 09:00:00,-0.36043665
2025-12-10 10:00:00,-0.47713387
2025-12-10 11:00:00,-0.54499865
2025-12-10 12:00:00,-0.29551706
2025-12-10 13:00:00,0.20461407
2025-12-10 14:00:00,0.5249629
2025-12-10 15:00:00,0.6820616
2025-12-10 16:00:00,0.6547082
2025-12-10 17:00:00,0.45044032
2025-12-10 18:00:00,0.18196763
2025-12-10 19:00:00,-0.03131319
2025-12-10 20:00:00,-0.20566721
2025-12-10 21:00:00,-0.35239685
2025-12-10 22:00:00,-0.46634543
2025-12-10 23:00:00,-0.47949788
2025-12-11 00:00:00,-0.08837391
2025-12-11 01:00:00,0.34996808
2025-12-11 02:00:00,0.6386231
2025-12-11 03:00:00,0.79188365
2025-12-11 04:00:00,0.77612543
2025-12-11 05:00:00,0.5696547
2025-12-11 06:00:00,0.2733947
2025-12-11 07:00:00,0.04927893
2025-12-11 08:00:00,-0.13279645
2025-12-11 09:00:00,-0.28682145
2025-12-11 10:00:00,-0.41670844
2025-12-11 11:00:00,-0.5228315
2025-12-11 12:00:00,-0.56487316
2025-12-11 13:00:00,-0.26322833
2025-12-11 14:00:00,0.1997819
2025-12-11 15:00:00,0.49747005
2025-12-11 16:00:00,0.6442405
2025-12-11 17:00:00,0.63011193
2025-12-11 18:00:00,0.44856566
2025-12-11 19:00:00,0.18483366
2025-12-11 20:00:00,-0.023969121
2025-12-11 21:00:00,-0.19128335
2025-12-11 22:00:00,-0.33022
2025-12-11 23:00:00,-0.43291807
2025-12-12 00:00:00,-0.43227556
2025-12-12 01:00:00,-0.114097185
2025-12-12 02:00:00,0.2606539
2025-12-12 03:00:00,0.52706975
2025-12-12 04:00:00,0.6565844
2025-12-12 05:00:00,0.63356483
2025-12-12 06:00:00,0.4502356
2025-12-12 07:00:00,0.19809015
2025-12-12 08:00:00,-0.008147835
2025-12-12 09:00:00,-0.17915045
2025-12-12 10:00:00,-0.32554674
2025-12-12 11:00:00,-0.44848585
2025-12-12 12:00:00,-0.54350394
2025-12-12 13:00:00,-0.55888575
2025-12-12 14:00:00,-0.2404849
2025-12-12 15:00:00,0.18812498
2025-12-12 16:00:00,0.47523847
2025-12-12 17:00:00,0.62118554
2025-12-12 18:00:00,0.62483245
2025-12-12 19:00:00,0.4716489
2025-12-12 20:00:00,0.21183784
2025-12-12 21:00:00,0.00037281375
2025-12-12 22:00:00,-0.16612312
2025-12-12 23:00:00,-0.30114204
2025-12-13 00:00:00,-0.40052265
2025-12-13 01:00:00,-0.42122525
2025-12-13 02:00:00,-0.219815
2025-12-13 03:00:00,0.11280792
2025-12-13 04:00:00,0.37847218
2025-12-13 05:00:00,0.5219357
2025-12-13 06:00:00,0.51627326
2025-12-13 07:00:00,0.37910149
2025-12-13 08:00:00,0.16431895
2025-12-13 09:00:00,-0.031481378
2025-12-13 10:00:00,-0.20281
2025-12-13 11:00:00,-0.34731483
2025-12-13 12:00:00,-0.46833792
2025-12-13 13:00:00,-0.5564167
2025-12-13 14:00:00,-0.53588337
2025-12-13 15:00:00,-0.17556043
2025-12-13 16:00:00,0.2091103
2025-12-13 17:00:00,0.4829649
2025-12-13 18:00:00,0.6241628
2025-12-13 19:00:00,0.63630575
2025-12-13 20:00:00,0.5003604
2025-12-13 21:00:00,0.24370262
2025-12-13 22:00:00,0.026120318
2025-12-13 23:00:00,-0.14041422
2025-12-14 00:00:00,-0.2759407
2025-12-14 01:00:00,-0.38239852
2025-12-14 02:00:00,-0.4367924
2025-12-14 03:00:00,-0.3555195
2025-12-14 04:00:00,-0.04623772
2025-12-14 05:00:00,0.25514388
2025-12-14 06:00:00,0.4457307
